technique_id,name,impact
T1055.011,Extra Window Memory Injection,Medium
T1053.005,Scheduled Task,High
T1205.002,Socket Filters,Medium
T1066,Indicator Removal from Tools,Medium
T1560.001,Archive via Utility,Medium
T1021.005,VNC,Medium
T1047,Windows Management Instrumentation,High
T1156,Malicious Shell Modification,Medium
T1113,Screen Capture,Medium
T1027.011,Fileless Storage,Medium
T1067,Bootkit,Medium
T1037,Boot or Logon Initialization Scripts,Medium
T1557,Adversary-in-the-Middle,Medium
T1033,System Owner/User Discovery,Medium
T1583,Acquire Infrastructure,Medium
T1218.011,Rundll32,Medium
T1613,Container and Resource Discovery,Medium
T1583.007,Serverless,Medium
T1143,Hidden Window,Medium
T1161,LC_LOAD_DYLIB Addition,Medium
T1132.001,Standard Encoding,Medium
T1027.009,Embedded Payloads,Medium
T1150,Plist Modification,Medium
T1556.003,Pluggable Authentication Modules,Medium
T1578.004,Revert Cloud Instance,Medium
T1148,HISTCONTROL,Medium
T1592,Gather Victim Host Information,Medium
T1596.003,Digital Certificates,Medium
T1056.001,Keylogging,Medium
T1564.012,File/Path Exclusions,Medium
T1222.002,Linux and Mac File and Directory Permissions Modification,Medium
T1110.001,Password Guessing,Medium
T1216.001,PubPrn,Medium
T1597.002,Purchase Technical Data,Medium
T1003,OS Credential Dumping,Medium
T1129,Shared Modules,High
T1602,Data from Configuration Repository,Medium
T1561.002,Disk Structure Wipe,Medium
T1498.001,Direct Network Flood,Medium
T1492,Stored Data Manipulation,Medium
T1574.007,Path Interception by PATH Environment Variable,Medium
T1213.002,Sharepoint,Medium
T1006,Direct Volume Access,Medium
T1044,File System Permissions Weakness,Medium
T1588.007,Artificial Intelligence,Medium
T1666,Modify Cloud Resource Hierarchy,Medium
T1564.008,Email Hiding Rules,Medium
T1491.002,External Defacement,Medium
T1027.013,Encrypted/Encoded File,Medium
T1171,LLMNR/NBT-NS Poisoning and Relay,Medium
T1590.005,IP Addresses,Medium
T1499.001,OS Exhaustion Flood,Medium
T1014,Rootkit,Medium
T1546.013,PowerShell Profile,Medium
T1059.007,JavaScript,High
T1590.002,DNS,Medium
T1501,Systemd Service,Medium
T1485.001,Lifecycle-Triggered Deletion,Medium
T1514,Elevated Execution with Prompt,Medium
T1123,Audio Capture,Medium
T1543,Create or Modify System Process,Medium
T1133,External Remote Services,High
T1109,Component Firmware,Medium
T1546.006,LC_LOAD_DYLIB Addition,Medium
T1539,Steal Web Session Cookie,Medium
T1053.007,Container Orchestration Job,High
T1568.002,Domain Generation Algorithms,Medium
T1036.007,Double File Extension,Medium
T1548.002,Bypass User Account Control,Medium
T1099,Timestomp,Medium
T1496.003,SMS Pumping,Medium
T1016.001,Internet Connection Discovery,Medium
T1548.003,Sudo and Sudo Caching,Medium
T1560.003,Archive via Custom Method,Medium
T1578,Modify Cloud Compute Infrastructure,Medium
T1584.008,Network Devices,Medium
T1583.008,Malvertising,Medium
T1069,Permission Groups Discovery,Medium
T1114,Email Collection,Medium
T1003.002,Security Account Manager,Medium
T1596.002,WHOIS,Medium
T1542.001,System Firmware,Medium
T1594,Search Victim-Owned Websites,Medium
T1069.003,Cloud Groups,Medium
T1574.011,Services Registry Permissions Weakness,Medium
T1596.001,DNS/Passive DNS,Medium
T1499.003,Application Exhaustion Flood,Medium
T1163,Rc.common,Medium
T1195.001,Compromise Software Dependencies and Development Tools,High
T1588.004,Digital Certificates,Medium
T1583.002,DNS Server,Medium
T1561,Disk Wipe,Medium
T1071.004,DNS,Medium
T1552.005,Cloud Instance Metadata API,Medium
T1555.002,Securityd Memory,Medium
T1615,Group Policy Discovery,Medium
T1542.003,Bootkit,Medium
T1025,Data from Removable Media,Medium
T1116,Code Signing,Medium
T1218.013,Mavinject,Medium
T1522,Cloud Instance Metadata API,Medium
T1093,Process Hollowing,Medium
T1074.001,Local Data Staging,Medium
T1036.005,Match Legitimate Resource Name or Location,Medium
T1172,Domain Fronting,Medium
T1587.003,Digital Certificates,Medium
T1565.001,Stored Data Manipulation,Medium
T1110.002,Password Cracking,Medium
T1178,SID-History Injection,Medium
T1114.001,Local Email Collection,Medium
T1555.001,Keychain,Medium
T1547,Boot or Logon Autostart Execution,Medium
T1003.004,LSA Secrets,Medium
T1013,Port Monitors,Medium
T1600,Weaken Encryption,Medium
T1606.002,SAML Tokens,Medium
T1192,Spearphishing Link,High
T1036.008,Masquerade File Type,Medium
T1489,Service Stop,Medium
T1587.001,Malware,Medium
T1121,Regsvcs/Regasm,High
T1652,Device Driver Discovery,Medium
T1206,Sudo Caching,Medium
T1087.002,Domain Account,Medium
T1547.014,Active Setup,Medium
T1564,Hide Artifacts,Medium
T1559.002,Dynamic Data Exchange,High
T1204.002,Malicious File,High
T1591.003,Identify Business Tempo,Medium
T1063,Security Software Discovery,Medium
T1071.005,Publish/Subscribe Protocols,Medium
T1592.001,Hardware,Medium
T1080,Taint Shared Content,Medium
T1484.002,Trust Modification,Medium
T1213.006,Databases,Medium
T1573.001,Symmetric Cryptography,Medium
T1087.001,Local Account,Medium
T1167,Securityd Memory,Medium
T1586.001,Social Media Accounts,Medium
T1176.001,Browser Extensions,Medium
T1527,Application Access Token,Medium
T1562.009,Safe Mode Boot,Medium
T1180,Screensaver,Medium
T1542.005,TFTP Boot,Medium
T1543.003,Windows Service,Medium
T1568.001,Fast Flux DNS,Medium
T1497.001,System Checks,Medium
T1053.003,Cron,High
T1069.002,Domain Groups,Medium
T1588.006,Vulnerabilities,Medium
T1566.002,Spearphishing Link,High
T1165,Startup Items,Medium
T1070.002,Clear Linux or Mac System Logs,Medium
T1499.004,Application or System Exploitation,Medium
T1137,Office Application Startup,Medium
T1218.004,InstallUtil,Medium
T1598.003,Spearphishing Link,Medium
T1021.004,SSH,Medium
T1098.003,Additional Cloud Roles,Medium
T1547.012,Print Processors,Medium
T1089,Disabling Security Tools,Medium
T1487,Disk Structure Wipe,Medium
T1566.001,Spearphishing Attachment,High
T1214,Credentials in Registry,Medium
T1027.008,Stripped Payloads,Medium
T1559.001,Component Object Model,High
T1574.001,DLL,Medium
T1119,Automated Collection,Medium
T1115,Clipboard Data,Medium
T1003.007,Proc Filesystem,Medium
T1583.005,Botnet,Medium
T1555.005,Password Managers,Medium
T1103,AppInit DLLs,Medium
T1553.001,Gatekeeper Bypass,Medium
T1675,ESXi Administration Command,High
T1608.004,Drive-by Target,Medium
T1007,System Service Discovery,Medium
T1040,Network Sniffing,Medium
T1017,Application Deployment Software,Medium
T1553.002,Code Signing,Medium
T1530,Data from Cloud Storage,Medium
T1565.003,Runtime Data Manipulation,Medium
T1552.002,Credentials in Registry,Medium
T1135,Network Share Discovery,Medium
T1120,Peripheral Device Discovery,Medium
T1036.009,Break Process Trees,Medium
T1590.004,Network Topology,Medium
T1587.002,Code Signing Certificates,Medium
T1222.001,Windows File and Directory Permissions Modification,Medium
T1137.006,Add-ins,Medium
T1505.002,Transport Agent,Medium
T1082,System Information Discovery,Medium
T1071,Application Layer Protocol,Medium
T1574.014,AppDomainManager,Medium
T1074.002,Remote Data Staging,Medium
T1098.006,Additional Container Cluster Roles,Medium
T1053,Scheduled Task/Job,High
T1218.007,Msiexec,Medium
T1162,Login Item,Medium
T1590.003,Network Trust Dependencies,Medium
T1498.002,Reflection Amplification,Medium
T1556.002,Password Filter DLL,Medium
T1505.005,Terminal Services DLL,Medium
T1059.002,AppleScript,High
T1176,Software Extensions,Medium
T1499.002,Service Exhaustion Flood,Medium
T1195.003,Compromise Hardware Supply Chain,High
T1106,Native API,High
T1558.005,Ccache Files,Medium
T1070.007,Clear Network Connection History and Configurations,Medium
T1558.004,AS-REP Roasting,Medium
T1058,Service Registry Permissions Weakness,Medium
T1584.003,Virtual Private Server,Medium
T1059.010,AutoHotKey & AutoIT,High
T1600.001,Reduce Key Space,Medium
T1070.003,Clear Command History,Medium
T1202,Indirect Command Execution,Medium
T1024,Custom Cryptographic Protocol,Medium
T1536,Revert Cloud Instance,Medium
T1091,Replication Through Removable Media,High
T1005,Data from Local System,Medium
T1140,Deobfuscate/Decode Files or Information,Medium
T1137.005,Outlook Rules,Medium
T1562,Impair Defenses,Medium
T1586.003,Cloud Accounts,Medium
T1586.002,Email Accounts,Medium
T1098.007,Additional Local or Domain Groups,Medium
T1608.001,Upload Malware,Medium
T1195,Supply Chain Compromise,High
T1190,Exploit Public-Facing Application,High
T1558,Steal or Forge Kerberos Tickets,Medium
T1555,Credentials from Password Stores,Medium
T1567,Exfiltration Over Web Service,Medium
T1219,Remote Access Tools,Medium
T1583.001,Domains,Medium
T1560.002,Archive via Library,Medium
T1055.003,Thread Execution Hijacking,Medium
T1079,Multilayer Encryption,Medium
T1036,Masquerading,Medium
T1546.011,Application Shimming,Medium
T1552,Unsecured Credentials,Medium
T1547.010,Port Monitors,Medium
T1070.008,Clear Mailbox Data,Medium
T1037.002,Login Hook,Medium
T1659,Content Injection,High
T1055,Process Injection,Medium
T1567.004,Exfiltration Over Webhook,Medium
T1139,Bash History,Medium
T1205,Traffic Signaling,Medium
T1021.008,Direct Cloud VM Connections,Medium
T1503,Credentials from Web Browsers,Medium
T1218,System Binary Proxy Execution,Medium
T1153,Source,High
T1038,DLL Search Order Hijacking,Medium
T1050,New Service,Medium
T1070.006,Timestomp,Medium
T1557.004,Evil Twin,Medium
T1620,Reflective Code Loading,Medium
T1016.002,Wi-Fi Discovery,Medium
T1480.002,Mutual Exclusion,Medium
T1564.011,Ignore Process Interrupts,Medium
T1611,Escape to Host,Medium
T1518.002,Backup Software Discovery,Medium
T1547.009,Shortcut Modification,Medium
T1010,Application Window Discovery,Medium
T1569.003,Systemctl,High
T1032,Standard Cryptographic Protocol,Medium
T1087.003,Email Account,Medium
T1062,Hypervisor,Medium
T1497.003,Time Based Checks,Medium
T1182,AppCert DLLs,Medium
T1218.003,CMSTP,Medium
T1563.001,SSH Hijacking,Medium
T1562.002,Disable Windows Event Logging,Medium
T1029,Scheduled Transfer,Medium
T1021.002,SMB/Windows Admin Shares,Medium
T1525,Implant Internal Image,Medium
T1572,Protocol Tunneling,Medium
T1218.002,Control Panel,Medium
T1599.001,Network Address Translation Traversal,Medium
T1608.002,Upload Tool,Medium
T1547.005,Security Support Provider,Medium
T1036.011,Overwrite Process Arguments,Medium
T1004,Winlogon Helper DLL,Medium
T1009,Binary Padding,Medium
T1550,Use Alternate Authentication Material,Medium
T1076,Remote Desktop Protocol,Medium
T1597.001,Threat Intel Vendors,Medium
T1011,Exfiltration Over Other Network Medium,Medium
T1602.002,Network Device Configuration Dump,Medium
T1589,Gather Victim Identity Information,Medium
T1131,Authentication Package,Medium
T1181,Extra Window Memory Injection,Medium
T1562.004,Disable or Modify System Firewall,Medium
T1560,Archive Collected Data,Medium
T1152,Launchctl,High
T1553.003,SIP and Trust Provider Hijacking,Medium
T1483,Domain Generation Algorithms,Medium
T1185,Browser Session Hijacking,Medium
T1021,Remote Services,Medium
T1071.003,Mail Protocols,Medium
T1556.007,Hybrid Identity,Medium
T1595.002,Vulnerability Scanning,Medium
T1059.009,Cloud API,High
T1596,Search Open Technical Databases,Medium
T1218.015,Electron Applications,Medium
T1562.012,Disable or Modify Linux Audit System,Medium
T1207,Rogue Domain Controller,Medium
T1553.006,Code Signing Policy Modification,Medium
T1610,Deploy Container,High
T1107,File Deletion,Medium
T1145,Private Keys,Medium
T1112,Modify Registry,Medium
T1543.004,Launch Daemon,Medium
T1580,Cloud Infrastructure Discovery,Medium
T1555.003,Credentials from Web Browsers,Medium
T1574.008,Path Interception by Search Order Hijacking,Medium
T1491,Defacement,Medium
T1535,Unused/Unsupported Cloud Regions,Medium
T1557.003,DHCP Spoofing,Medium
T1155,AppleScript,High
T1563,Remote Service Session Hijacking,Medium
T1564.013,Bind Mounts,Medium
T1027.001,Binary Padding,Medium
T1505.003,Web Shell,Medium
T1484.001,Group Policy Modification,Medium
T1217,Browser Information Discovery,Medium
T1552.004,Private Keys,Medium
T1583.004,Server,Medium
T1021.006,Windows Remote Management,Medium
T1011.001,Exfiltration Over Bluetooth,Medium
T1078.001,Default Accounts,High
T1547.003,Time Providers,Medium
T1183,Image File Execution Options Injection,Medium
T1085,Rundll32,High
T1031,Modify Existing Service,Medium
T1546.005,Trap,Medium
T1574.006,Dynamic Linker Hijacking,Medium
T1136.001,Local Account,Medium
T1681,Search Threat Vendor Data,Medium
T1674,Input Injection,High
T1092,Communication Through Removable Media,Medium
T1070.001,Clear Windows Event Logs,Medium
T1585.002,Email Accounts,Medium
T1557.001,LLMNR/NBT-NS Poisoning and SMB Relay,Medium
T1222,File and Directory Permissions Modification,Medium
T1003.001,LSASS Memory,Medium
T1053.001,At (Linux),High
T1176.002,IDE Extensions,Medium
T1179,Hooking,Medium
T1595,Active Scanning,Medium
T1027.016,Junk Code Insertion,Medium
T1547.011,Plist Modification,Medium
T1548,Abuse Elevation Control Mechanism,Medium
T1134.002,Create Process with Token,Medium
T1548.001,Setuid and Setgid,Medium
T1547.004,Winlogon Helper DLL,Medium
T1019,System Firmware,Medium
T1021.003,Distributed Component Object Model,Medium
T1042,Change Default File Association,Medium
T1117,Regsvr32,High
T1110.003,Password Spraying,Medium
T1090.002,External Proxy,Medium
T1056.003,Web Portal Capture,Medium
T1589.002,Email Addresses,Medium
T1164,Re-opened Applications,Medium
T1054,Indicator Blocking,Medium
T1598.004,Spearphishing Voice,Medium
T1108,Redundant Access,Medium
T1193,Spearphishing Attachment,High
T1003.005,Cached Domain Credentials,Medium
T1098.004,SSH Authorized Keys,Medium
T1673,Virtual Machine Discovery,Medium
T1215,Kernel Modules and Extensions,Medium
T1101,Security Support Provider,Medium
T1590.006,Network Security Appliances,Medium
T1546.012,Image File Execution Options Injection,Medium
T1218.008,Odbcconf,Medium
T1593.002,Search Engines,Medium
T1177,LSASS Driver,High
T1591.002,Business Relationships,Medium
T1548.005,Temporary Elevated Cloud Access,Medium
T1125,Video Capture,Medium
T1144,Gatekeeper Bypass,Medium
T1045,Software Packing,Medium
T1055.013,Process Doppelgänging,Medium
T1016,System Network Configuration Discovery,Medium
T1578.003,Delete Cloud Instance,Medium
T1593.003,Code Repositories,Medium
T1574.005,Executable Installer File Permissions Weakness,Medium
T1546.008,Accessibility Features,Medium
T1496.002,Bandwidth Hijacking,Medium
T1504,PowerShell Profile,Medium
T1198,SIP and Trust Provider Hijacking,Medium
T1087,Account Discovery,Medium
T1090,Proxy,Medium
T1059,Command and Scripting Interpreter,High
T1204.005,Malicious Library,High
T1562.006,Indicator Blocking,Medium
T1136.002,Domain Account,Medium
T1564.014,Extended Attributes,Medium
T1589.003,Employee Names,Medium
T1677,Poisoned Pipeline Execution,High
T1482,Domain Trust Discovery,Medium
T1558.001,Golden Ticket,Medium
T1175,Component Object Model and Distributed COM,High
T1020,Automated Exfiltration,Medium
T1592.004,Client Configurations,Medium
T1562.007,Disable or Modify Cloud Firewall,Medium
T1219.001,IDE Tunneling,Medium
T1036.002,Right-to-Left Override,Medium
T1588.001,Malware,Medium
T1027.017,SVG Smuggling,Medium
T1542.002,Component Firmware,Medium
T1070,Indicator Removal,Medium
T1048.001,Exfiltration Over Symmetric Encrypted Non-C2 Protocol,Medium
T1137.001,Office Template Macros,Medium
T1583.003,Virtual Private Server,Medium
T1213.001,Confluence,Medium
T1550.003,Pass the Ticket,Medium
T1609,Container Administration Command,High
T1083,File and Directory Discovery,Medium
T1568,Dynamic Resolution,Medium
T1036.004,Masquerade Task or Service,Medium
T1055.004,Asynchronous Procedure Call,Medium
T1020.001,Traffic Duplication,Medium
T1138,Application Shimming,Medium
T1647,Plist File Modification,Medium
T1127.003,JamPlus,Medium
T1546.009,AppCert DLLs,Medium
T1191,CMSTP,High
T1188,Multi-hop Proxy,Medium
T1114.003,Email Forwarding Rule,Medium
T1074,Data Staged,Medium
T1649,Steal or Forge Authentication Certificates,Medium
T1098.005,Device Registration,Medium
T1049,System Network Connections Discovery,Medium
T1584,Compromise Infrastructure,Medium
T1553.005,Mark-of-the-Web Bypass,Medium
T1600.002,Disable Crypto Hardware,Medium
T1542,Pre-OS Boot,Medium
T1064,Scripting,High
T1612,Build Image on Host,Medium
T1051,Shared Webroot,Medium
T1055.002,Portable Executable Injection,Medium
T1218.012,Verclsid,Medium
T1586,Compromise Accounts,Medium
T1569.001,Launchctl,High
T1584.005,Botnet,Medium
T1059.008,Network Device CLI,High
T1552.003,Shell History,Medium
T1562.010,Downgrade Attack,Medium
T1559.003,XPC Services,High
T1497,Virtualization/Sandbox Evasion,Medium
T1102,Web Service,Medium
T1552.001,Credentials In Files,Medium
T1568.003,DNS Calculation,Medium
T1218.005,Mshta,Medium
T1547.015,Login Items,Medium
T1608,Stage Capabilities,Medium
T1608.005,Link Target,Medium
T1104,Multi-Stage Channels,Medium
T1657,Financial Theft,Medium
T1480,Execution Guardrails,Medium
T1619,Cloud Storage Object Discovery,Medium
T1606.001,Web Cookies,Medium
T1654,Log Enumeration,Medium
T1134.001,Token Impersonation/Theft,Medium
T1567.001,Exfiltration to Code Repository,Medium
T1021.007,Cloud Services,Medium
T1205.001,Port Knocking,Medium
T1027.012,LNK Icon Smuggling,Medium
T1583.006,Web Services,Medium
T1528,Steal Application Access Token,Medium
T1598.002,Spearphishing Attachment,Medium
T1098.001,Additional Cloud Credentials,Medium
T1204,User Execution,High
T1491.001,Internal Defacement,Medium
T1564.002,Hidden Users,Medium
T1134.003,Make and Impersonate Token,Medium
T1552.006,Group Policy Preferences,Medium
T1196,Control Panel Items,High
T1048.002,Exfiltration Over Asymmetric Encrypted Non-C2 Protocol,Medium
T1087.004,Cloud Account,Medium
T1057,Process Discovery,Medium
T1562.003,Impair Command History Logging,Medium
T1053.004,Launchd,High
T1556.008,Network Provider DLL,Medium
T1546.003,Windows Management Instrumentation Event Subscription,Medium
T1596.004,CDNs,Medium
T1497.002,User Activity Based Checks,Medium
T1141,Input Prompt,Medium
T1496.004,Cloud Service Hijacking,Medium
T1585.003,Cloud Accounts,Medium
T1072,Software Deployment Tools,High
T1041,Exfiltration Over C2 Channel,Medium
T1134.004,Parent PID Spoofing,Medium
T1591,Gather Victim Org Information,Medium
T1060,Registry Run Keys / Startup Folder,Medium
T1606,Forge Web Credentials,Medium
T1621,Multi-Factor Authentication Request Generation,Medium
T1554,Compromise Host Software Binary,Medium
T1552.008,Chat Messages,Medium
T1059.001,PowerShell,High
T1023,Shortcut Modification,Medium
T1546.001,Change Default File Association,Medium
T1055.014,VDSO Hijacking,Medium
T1026,Multiband Communication,Medium
T1071.002,File Transfer Protocols,Medium
T1679,Selective Exclusion,Medium
T1122,Component Object Model Hijacking,Medium
T1015,Accessibility Features,Medium
T1212,Exploitation for Credential Access,Medium
T1546.014,Emond,Medium
T1102.003,One-Way Communication,Medium
T1590,Gather Victim Network Information,Medium
T1210,Exploitation of Remote Services,Medium
T1502,Parent PID Spoofing,Medium
T1142,Keychain,Medium
T1534,Internal Spearphishing,Medium
T1169,Sudo,Medium
T1574.010,Services File Permissions Weakness,Medium
T1547.001,Registry Run Keys / Startup Folder,Medium
T1199,Trusted Relationship,High
T1136.003,Cloud Account,Medium
T1069.001,Local Groups,Medium
T1149,LC_MAIN Hijacking,Medium
T1593,Search Open Websites/Domains,Medium
T1562.013,Disable or Modify Network Device Firewall,Medium
T1098,Account Manipulation,Medium
T1170,Mshta,High
T1048,Exfiltration Over Alternative Protocol,Medium
T1547.006,Kernel Modules and Extensions,Medium
T1678,Delay Execution,Medium
T1056.002,GUI Input Capture,Medium
T1097,Pass the Ticket,Medium
T1588.002,Tool,Medium
T1052.001,Exfiltration over USB,Medium
T1574.013,KernelCallbackTable,Medium
T1597,Search Closed Sources,Medium
T1053.006,Systemd Timers,High
T1566,Phishing,High
T1061,Graphical User Interface,High
T1542.004,ROMMONkit,Medium
T1218.001,Compiled HTML File,Medium
T1496.001,Compute Hijacking,Medium
T1070.005,Network Share Connection Removal,Medium
T1090.003,Multi-hop Proxy,Medium
T1110,Brute Force,Medium
T1059.004,Unix Shell,High
T1137.003,Outlook Forms,Medium
T1219.003,Remote Access Hardware,Medium
T1157,Dylib Hijacking,Medium
T1562.001,Disable or Modify Tools,Medium
T1565,Data Manipulation,Medium
T1559,Inter-Process Communication,High
T1001,Data Obfuscation,Medium
T1039,Data from Network Shared Drive,Medium
T1584.006,Web Services,Medium
T1601,Modify System Image,Medium
T1574,Hijack Execution Flow,Medium
T1036.012,Browser Fingerprint,Medium
T1059.011,Lua,High
T1027.005,Indicator Removal from Tools,Medium
T1204.003,Malicious Image,High
T1543.005,Container Service,Medium
T1078,Valid Accounts,High
T1571,Non-Standard Port,Medium
T1585.001,Social Media Accounts,Medium
T1073,DLL Side-Loading,Medium
T1055.012,Process Hollowing,Medium
T1068,Exploitation for Privilege Escalation,Medium
T1564.009,Resource Forking,Medium
T1531,Account Access Removal,Medium
T1110.004,Credential Stuffing,Medium
T1208,Kerberoasting,Medium
T1027,Obfuscated Files or Information,Medium
T1556.006,Multi-Factor Authentication,Medium
T1114.002,Remote Email Collection,Medium
T1505.004,IIS Components,Medium
T1036.001,Invalid Code Signature,Medium
T1564.006,Run Virtual Instance,Medium
T1154,Trap,High
T1027.014,Polymorphic Code,Medium
T1201,Password Policy Discovery,Medium
T1546,Event Triggered Execution,Medium
T1546.004,Unix Shell Configuration Modification,Medium
T1187,Forced Authentication,Medium
T1134.005,SID-History Injection,Medium
T1599,Network Boundary Bridging,Medium
T1486,Data Encrypted for Impact,Medium
T1488,Disk Content Wipe,Medium
T1553,Subvert Trust Controls,Medium
T1548.004,Elevated Execution with Prompt,Medium
T1592.003,Firmware,Medium
T1573,Encrypted Channel,Medium
T1174,Password Filter DLL,Medium
T1547.002,Authentication Package,Medium
T1218.010,Regsvr32,Medium
T1002,Data Compressed,Medium
T1567.003,Exfiltration to Text Storage Sites,Medium
T1081,Credentials in Files,Medium
T1592.002,Software,Medium
T1128,Netsh Helper DLL,Medium
T1056,Input Capture,Medium
T1566.004,Spearphishing Voice,High
T1587.004,Exploits,Medium
T1593.001,Social Media,Medium
T1213.004,Customer Relationship Management Software,Medium
T1546.015,Component Object Model Hijacking,Medium
T1589.001,Credentials,Medium
T1195.002,Compromise Software Supply Chain,High
T1036.003,Rename Legitimate Utilities,Medium
T1102.002,Bidirectional Communication,Medium
T1203,Exploitation for Client Execution,High
T1595.003,Wordlist Scanning,Medium
T1667,Email Bombing,Medium
T1562.011,Spoof Security Alerting,Medium
T1137.004,Outlook Home Page,Medium
T1573.002,Asymmetric Cryptography,Medium
T1567.002,Exfiltration to Cloud Storage,Medium
T1570,Lateral Tool Transfer,Medium
T1574.009,Path Interception by Unquoted Path,Medium
T1608.003,Install Digital Certificate,Medium
T1168,Local Job Scheduling,High
T1166,Setuid and Setgid,Medium
T1037.005,Startup Items,Medium
T1100,Web Shell,Medium
T1186,Process Doppelgänging,Medium
T1184,SSH Hijacking,Medium
T1614.001,System Language Discovery,Medium
T1095,Non-Application Layer Protocol,Medium
T1075,Pass the Hash,Medium
T1059.013,Container CLI/API,High
T1027.003,Steganography,Medium
T1584.002,DNS Server,Medium
T1671,Cloud Application Integration,Medium
T1001.003,Protocol or Service Impersonation,Medium
T1012,Query Registry,Medium
T1030,Data Transfer Size Limits,Medium
T1028,Windows Remote Management,High
T1550.004,Web Session Cookie,Medium
T1078.002,Domain Accounts,High
T1218.009,Regsvcs/Regasm,Medium
T1034,Path Interception,Medium
T1546.018,Python Startup Hooks,Medium
T1506,Web Session Cookie,Medium
T1553.004,Install Root Certificate,Medium
T1037.003,Network Logon Script,Medium
T1499,Endpoint Denial of Service,Medium
T1027.004,Compile After Delivery,Medium
T1065,Uncommonly Used Port,Medium
T1614,System Location Discovery,Medium
T1564.007,VBA Stomping,Medium
T1197,BITS Jobs,Medium
T1127.001,MSBuild,Medium
T1656,Impersonation,Medium
T1578.005,Modify Cloud Compute Configurations,Medium
T1088,Bypass User Account Control,Medium
T1494,Runtime Data Manipulation,Medium
T1090.004,Domain Fronting,Medium
T1557.002,ARP Cache Poisoning,Medium
T1562.008,Disable or Modify Cloud Logs,Medium
T1518.001,Security Software Discovery,Medium
T1564.003,Hidden Window,Medium
T1493,Transmitted Data Manipulation,Medium
T1127.002,ClickOnce,Medium
T1059.006,Python,High
T1070.010,Relocate Malware,Medium
T1591.004,Identify Roles,Medium
T1132,Data Encoding,Medium
T1546.010,AppInit DLLs,Medium
T1598,Phishing for Information,Medium
T1496,Resource Hijacking,Medium
T1585,Establish Accounts,Medium
T1588,Obtain Capabilities,Medium
T1546.002,Screensaver,Medium
T1147,Hidden Users,Medium
T1556.009,Conditional Access Policies,Medium
T1578.002,Create Cloud Instance,Medium
T1500,Compile After Delivery,Medium
T1555.006,Cloud Secrets Management Stores,Medium
T1213.003,Code Repositories,Medium
T1565.002,Transmitted Data Manipulation,Medium
T1003.008,/etc/passwd and /etc/shadow,Medium
T1543.001,Launch Agent,Medium
T1569,System Services,High
T1059.003,Windows Command Shell,High
T1055.009,Proc Memory,Medium
T1223,Compiled HTML File,High
T1650,Acquire Access,Medium
T1601.001,Patch System Image,Medium
T1558.002,Silver Ticket,Medium
T1213,Data from Information Repositories,Medium
T1070.009,Clear Persistence,Medium
T1059.012,Hypervisor CLI,High
T1146,Clear Command History,Medium
T1555.004,Windows Credential Manager,Medium
T1036.010,Masquerade Account Name,Medium
T1519,Emond,Medium
T1194,Spearphishing via Service,High
T1200,Hardware Additions,High
T1219.002,Remote Desktop Software,Medium
T1505,Server Software Component,Medium
T1485,Data Destruction,Medium
T1132.002,Non-Standard Encoding,Medium
T1556.001,Domain Controller Authentication,Medium
T1537,Transfer Data to Cloud Account,Medium
T1027.006,HTML Smuggling,Medium
T1556.005,Reversible Encryption,Medium
T1027.010,Command Obfuscation,Medium
T1130,Install Root Certificate,Medium
T1022,Data Encrypted,Medium
T1070.004,File Deletion,Medium
T1189,Drive-by Compromise,High
T1498,Network Denial of Service,Medium
T1651,Cloud Administration Command,High
T1546.016,Installer Packages,Medium
T1595.001,Scanning IP Blocks,Medium
T1158,Hidden Files and Directories,Medium
T1221,Template Injection,Medium
T1037.004,RC Scripts,Medium
T1134,Access Token Manipulation,Medium
T1209,Time Providers,Medium
T1111,Multi-Factor Authentication Interception,Medium
T1159,Launch Agent,Medium
T1027.002,Software Packing,Medium
T1584.007,Serverless,Medium
T1071.001,Web Protocols,Medium
T1059.005,Visual Basic,High
T1564.005,Hidden File System,Medium
T1543.002,Systemd Service,Medium
T1668,Exclusive Control,Medium
T1563.002,RDP Hijacking,Medium
T1136,Create Account,Medium
T1547.013,XDG Autostart Entries,Medium
T1584.004,Server,Medium
T1672,Email Spoofing,Medium
T1526,Cloud Service Discovery,Medium
T1204.004,Malicious Copy and Paste,High
T1151,Space after Filename,High
T1018,Remote System Discovery,Medium
T1046,Network Service Discovery,Medium
T1590.001,Domain Properties,Medium
T1518,Software Discovery,Medium
T1538,Cloud Service Dashboard,Medium
T1055.005,Thread Local Storage,Medium
T1622,Debugger Evasion,Medium
T1036.006,Space after Filename,Medium
T1547.007,Re-opened Applications,Medium
T1608.006,SEO Poisoning,Medium
T1550.002,Pass the Hash,Medium
T1052,Exfiltration Over Physical Medium,Medium
T1574.002,DLL Side-Loading,Medium
T1105,Ingress Tool Transfer,Medium
T1216.002,SyncAppvPublishingServer,Medium
T1098.002,Additional Email Delegate Permissions,Medium
T1588.003,Code Signing Certificates,Medium
T1126,Network Share Connection Removal,Medium
T1648,Serverless Execution,High
T1548.006,TCC Manipulation,Medium
T1084,Windows Management Instrumentation Event Subscription,Medium
T1160,Launch Daemon,Medium
T1055.008,Ptrace System Calls,Medium
T1653,Power Settings,Medium
T1027.007,Dynamic API Resolution,Medium
T1021.001,Remote Desktop Protocol,Medium
T1037.001,Logon Script (Windows),Medium
T1055.015,ListPlanting,Medium
T1665,Hide Infrastructure,Medium
T1484,Domain or Tenant Policy Modification,Medium
T1220,XSL Script Processing,Medium
T1596.005,Scan Databases,Medium
T1564.001,Hidden Files and Directories,Medium
T1578.001,Create Snapshot,Medium
T1591.001,Determine Physical Locations,Medium
T1137.002,Office Test,Medium
T1587,Develop Capabilities,Medium
T1173,Dynamic Data Exchange,High
T1003.003,NTDS,Medium
T1602.001,SNMP (MIB Dump),Medium
T1001.002,Steganography,Medium
T1204.001,Malicious Link,High
T1550.001,Application Access Token,Medium
T1547.008,LSASS Driver,Medium
T1569.002,Service Execution,High
T1078.004,Cloud Accounts,High
T1480.001,Environmental Keying,Medium
T1008,Fallback Channels,Medium
T1680,Local Storage Discovery,Medium
T1564.004,NTFS File Attributes,Medium
T1558.003,Kerberoasting,Medium
T1096,NTFS File Attributes,Medium
T1003.006,DCSync,Medium
T1124,System Time Discovery,Medium
T1053.002,At,High
T1035,Service Execution,High
T1055.001,Dynamic-link Library Injection,Medium
T1086,PowerShell,High
T1588.005,Exploits,Medium
T1556,Modify Authentication Process,Medium
T1546.017,Udev Rules,Medium
T1056.004,Credential API Hooking,Medium
T1495,Firmware Corruption,Medium
T1490,Inhibit System Recovery,Medium
T1546.007,Netsh Helper DLL,Medium
T1566.003,Spearphishing via Service,High
T1090.001,Internal Proxy,Medium
T1216,System Script Proxy Execution,Medium
T1094,Custom Command and Control Protocol,Medium
T1102.001,Dead Drop Resolver,Medium
T1118,InstallUtil,High
T1001.001,Junk Data,Medium
T1598.001,Spearphishing Service,Medium
T1043,Commonly Used Port,Medium
T1505.006,vSphere Installation Bundles,Medium
T1552.007,Container API,Medium
T1584.001,Domains,Medium
T1505.001,SQL Stored Procedures,Medium
T1556.004,Network Device Authentication,Medium
T1561.001,Disk Content Wipe,Medium
T1213.005,Messaging Applications,Medium
T1048.003,Exfiltration Over Unencrypted Non-C2 Protocol,Medium
T1027.015,Compression,Medium
T1574.004,Dylib Hijacking,Medium
T1601.002,Downgrade System Image,Medium
T1078.003,Local Accounts,High
T1669,Wi-Fi Networks,High
T1211,Exploitation for Defense Evasion,Medium
T1127,Trusted Developer Utilities Proxy Execution,Medium
T1529,System Shutdown/Reboot,Medium
T1218.014,MMC,Medium
T1564.010,Process Argument Spoofing,Medium
T1077,Windows Admin Shares,Medium
T1574.012,COR_PROFILER,Medium
